{
  "posts": [
    {
      "id": 1,
      "gameId": 1,
      "userId": 1,
      "title": "Card Title 1",
      "optionA": "Option A for Card 1",
      "optionB": "Option B for Card 1",
      "likesA": 10,
      "likesB": 5
    },
    {
      "id": 2,
      "gameId": 2,
      "userId": 1,
      "title": "Card Title 2",
      "optionA": "Option A for Card 2",
      "optionB": "Option B for Card 2",
      "likesA": 15,
      "likesB": 8
    }
  ],
  "users": [
    {
      "id": 1,
      "nickname": "john",
      "password": "hashed_password_123",
      "confirmPassword": "hashed_password_123"
    },
    {
      "id": 2,
      "nickname": "jane",
      "password": "hashed_password_456",
      "confirmPassword": "hashed_password_456"
    }
  ],
  "comment": [
    {
      "id": 1,
      "gameId": 1,
      "content": "This is a comment for Card 1."
    },
    {
      "id": 2,
      "gameId": 2,
      "content": "This is a comment for Card 2."
    }
  ]
}
